0.4550000131,0.5,-0.3000000119,-2,-2.900000095,-0.2099999934,0.6499999762,0.009999999776,-0.01999999955,0.02999999933,-0.03999999911,0.05000000075,0,-0.009999999776,0,0,0,0,0,0,0
0.4550000131,0.5,-0.3000000119,-2,-2.900000095,-0.2099999934,0.6499999762,0.009999999776,-0.01999999955,0.02999999933,-0.03999999911,0.05000000075,0,-0.009999999776,-0.3062746525,18.45900345,18.99675179,27.30821037,19.9800396,-1.341205597,5.250585556
0.4551562667,0.4996874928,-0.2995312512,-2.000624895,-2.899218798,-0.2099999934,0.6498437524,-0.6081984639,0.1562177837,1.079927206,0.3811593056,17.00609207,-1.559440374,-0.06336758286,5.20499754,17.52606201,10.69436741,22.88534927,0.02315127477,1.679878235,-0.234655261
0.4456531703,0.5021284223,-0.2826573849,-1.994669318,-2.633498669,-0.234366253,0.6488536596,-0.8608843684,0.3736612797,1.581944466,0.8692077398,16.41350746,-1.743684292,0.01321403682,6.8836236,15.17084599,6.832285404,17.34439278,-0.4465025961,1.465834379,-0.317748934
0.4322018623,0.507966876,-0.2579395175,-1.981087923,-2.377037525,-0.2616113126,0.6490601301,-0.8502995372,0.5798692703,1.699183583,1.230107188,15.64317703,-1.635592222,0.01406502724,6.981988907,12.77791405,5.054470062,12.48232746,-0.569321394,1.036003351,-0.2993783951
0.4189159274,0.5170273185,-0.2313897759,-1.961867452,-2.132612944,-0.2871674299,0.6492798924,-0.7641183138,0.7535915375,1.705888629,1.508520603,14.89729404,-1.530852914,0.01331917197,6.599017143,10.60968781,3.960530043,8.399688721,-0.6360622048,0.7093600631,-0.2732401192
0.4069765806,0.5288021564,-0.2047352642,-1.938296795,-1.899842739,-0.3110870123,0.6494880319,-0.6620681286,0.8924511075,1.681333184,1.723304868,14.18441677,-1.434766412,0.01225345023,6.087547302,8.715503693,3.145389795,5.03200388,-0.6715847254,0.4996024072,-0.2448588014
0.3966317773,0.5427467227,-0.1784644276,-1.911370158,-1.678211212,-0.3335052431,0.649679482,-0.5630158782,0.9993435144,1.647401452,1.887792349,13.50456619,-1.348684788,0.01106152683,5.556609154,7.081738472,2.493103027,2.285641432,-0.6825367212,0.3946293592,-0.2166641504
0.3878346682,0.5583614707,-0.1527237743,-1.881873369,-1.467202425,-0.3545784354,0.6498523355,-0.4729193151,1.078413129,1.60982585,2.011129856,12.85656834,-1.272448421,0.009845115244,5.040779114,5.680992603,1.961538434,0.07557850331,-0.6727441549,0.3707509637,-0.1903780997
0.3804453015,0.5752117038,-0.1275702417,-1.850449443,-1.26631856,-0.374460429,0.650006175,-0.393320024,1.133872867,1.570070267,2.099690676,12.23905754,-1.205023289,0.00866014231,4.550782204,4.485631466,1.52714622,-1.671109557,-0.6461747885,0.4016041458,-0.1671914756
0.3742996752,0.5929284692,-0.1030378938,-1.817641735,-1.075083256,-0.3932889104,0.6501414776,-0.324095279,1.169640064,1.52865243,2.15819788,11.65051556,-1.145026445,0.007574142888,4.0891366,3.469827414,1.171585798,-3.018166304,-0.6067085862,0.4630017281,-0.1476952583
0.3692356944,0.6112040877,-0.07915270329,-1.78391993,-0.8930439353,-0.4111799598,0.6502598524,-0.2644271553,1.189219952,1.485942721,2.190456867,11.08965015,-1.090993404,0.006615346298,3.655287027,2.610197306,0.8795415163,-4.022666454,-0.5585272908,0.535112381,-0.1321061999
0.3651040196,0.6297856569,-0.0559348464,-1.74969399,-0.7197681665,-0.4282267392,0.6503632069,-0.2132346779,1.19568193,1.442305446,2.199800014,10.55514526,-1.041577101,0.005793780554,3.247807264,1.885921001,0.6385185122,-4.736173153,-0.505374074,0.6032366157,-0.1202389076
0.3617722392,0.6484681964,-0.03339882195,-1.715322137,-0.5548440218,-0.4445013702,0.6504537463,-0.1693722606,1.191677928,1.398071885,2.189313412,10.04584122,-0.9956094623,0.005126240198,2.865110397,1.278291106,0.4388357103,-5.205520153,-0.4505799711,0.6576235294,-0.1116813645
0.359125793,0.667088151,-0.01155394875,-1.681114078,-0.3978777528,-0.4600577652,0.650533855,-0.1317481548,1.179473758,1.353524685,2.161924124,9.560731888,-0.9521949887,0.004588332027,2.50573349,0.7704006433,0.2729010284,-5.472991943,-0.3972151875,0.6930164099,-0.1059337929
0.3570672274,0.6855174303,0.009594874457,-1.64733398,-0.248491317,-0.4749357998,0.6506055593,-0.09938330948,1.160984993,1.308888912,2.120417356,9.098694801,-0.9106612206,0.004175094422,2.16850853,0.3473725617,0.1349095851,-5.576428413,-0.347486645,0.7076368332,-0.1023786962
0.3555143774,0.7036578059,0.03004626371,-1.614202499,-0.1063242108,-0.4891648889,0.6506707668,-0.07143063098,1.137815952,1.264346242,2.067409754,8.658699036,-0.8705741763,0.003873166395,1.852698088,-0.004014496692,0.0200804919,-5.549396038,-0.3027787209,0.7023234367,-0.1003678441
0.3543982804,0.7214362025,0.04980167374,-1.581899166,0.02896796167,-0.5027676225,0.6507312655,-0.04716591537,1.111294389,1.220040917,2.005320072,8.23993969,-0.8316780329,0.003645625431,1.557636499,-0.29554075,-0.0753320381,-5.420921803,-0.2643386722,0.6795892715,-0.09940156341
0.3536612988,0.738800168,0.06886481494,-1.550566077,0.1577170193,-0.5157625675,0.6507882476,-0.02599957958,1.082504988,1.176115751,1.936345816,7.841412544,-0.7938629389,0.00348090264,1.282802939,-0.537366271,-0.1547284871,-5.216252804,-0.2325266749,0.6428567171,-0.09899546951
0.3532550633,0.7557142973,0.08724161983,-1.52031064,0.2802391052,-0.5281666517,0.650842607,-0.007445594296,1.052319884,1.132706761,1.862439752,7.462183952,-0.7571079731,0.00335827237,1.027803898,-0.7383181453,-0.2210619003,-4.956690311,-0.2072229385,0.5958297849,-0.09875564277
0.353138715,0.772156775,0.1049401611,-1.491209984,0.3968357444,-0.5399964452,0.6508950591,0.008897162974,1.021427989,1.089944243,1.785308003,7.101395607,-0.7214448452,0.00325964787,0.7920277715,-0.905908525,-0.2768848836,-4.660131454,-0.1880454272,0.5420829058,-0.09840498865
0.3532777429,0.7881165743,0.1219705418,-1.463314533,0.5077950358,-0.5512689948,0.6509459615,0.02335494012,0.9903610945,1.04795754,1.706407905,6.758176804,-0.6869380474,0.003180779051,0.574829638,-1.046436548,-0.3242915273,-4.341114521,-0.1742586643,0.4847759902,-0.09773822874
0.3536426723,0.8035909534,0.1383448839,-1.436651945,0.6133915186,-0.5620024204,0.6509956717,0.03619320318,0.9595197439,1.006875753,1.626965404,6.431745052,-0.653663218,0.003105111886,0.375448525,-1.165190458,-0.3652127385,-4.011548519,-0.1651469022,0.4265840054,-0.09666338563
0.3542082012,0.8185834289,0.1540773213,-1.411230564,0.7138875127,-0.5722159147,0.6510441899,0.0476356037,0.9291934371,0.966802299,1.54798317,6.121266365,-0.6216603518,0.003031091997,0.1929443777,-1.266524553,-0.401065588,-3.680679798,-0.1599825323,0.3695398867,-0.09516268969
0.3549525142,0.8331020474,0.1691836119,-1.387043357,0.8095322847,-0.5819293857,0.6510915756,0.05786563456,0.899582088,0.9278271794,1.470258236,5.82583952,-0.5909825563,0.002945539309,0.02627674304,-1.353856564,-0.4329318702,-3.35556221,-0.157602191,0.3151438236,-0.0931597352
0.355856657,0.8471580148,0.1836809069,-1.364070535,0.9005610347,-0.591163516,0.6511375904,0.06703724712,0.8708137274,0.8900227547,1.394419074,5.544849396,-0.5616471767,0.00285823876,-0.1256055832,-1.429934382,-0.4616098702,-3.041517019,-0.1574474424,0.2644503415,-0.09074145555
0.3569041193,0.8607645035,0.1975875199,-1.342282772,0.9871993065,-0.5999392271,0.6511822343,0.0752781257,0.8429595232,0.8534376025,1.320930481,5.277546406,-0.533646822,0.002762378659,-0.2638150156,-1.496875167,-0.4876217246,-2.742174625,-0.158799544,0.2180533111,-0.08795189112
0.3580803275,0.8739357591,0.2109224796,-1.321643233,1.069661021,-0.6082774401,0.6512253881,0.0826940164,0.8160483837,0.8181028962,1.25012517,5.023245811,-0.5069746375,0.002661509439,-0.3894272149,-1.556282878,-0.5112470984,-2.459871054,-0.1610736549,0.1762523502,-0.08485627174
0.3593724072,0.8866865039,0.2237053365,-1.302110076,1.148149252,-0.6161988974,0.6512669921,0.08937126398,0.790078342,0.784035027,1.182226181,4.781309128,-0.4816096127,0.002552568913,-0.5035351515,-1.60947299,-0.5328100324,-2.196069717,-0.1639373451,0.1391232461,-0.08155149221
0.3607688248,0.8990314603,0.2359558791,-1.283637762,1.222857237,-0.6237240434,0.6513068676,0.09538455307,0.7650234103,0.7512245774,1.117357373,4.551026344,-0.457498461,0.002447253792,-0.6070576906,-1.657180309,-0.552215457,-1.951316118,-0.1667822003,0.1065140218,-0.078058213
0.3622592092,0.9109849334,0.2476937622,-1.266179085,1.293967009,-0.6308724284,0.6513451338,0.1007920578,0.7408448458,0.7196606398,1.055577874,4.331915855,-0.4346048832,0.002336501144,-0.7009338737,-1.700136185,-0.5695104003,-1.725509524,-0.169483304,0.07820820808,-0.07446733117
0.3638340831,0.9225606322,0.2589384615,-1.249685645,1.361653209,-0.637663126,0.6513816118,0.1056415439,0.7174953818,0.6893208027,0.9968859553,4.123412609,-0.4128796756,0.002224565018,-0.7859941125,-1.73873055,-0.5847571492,-1.518251538,-0.1718823612,0.05389149114,-0.07084417343
0.3654847443,0.9337714911,0.2697091103,-1.234109282,1.426081538,-0.6441143751,0.6514163613,0.1099741757,0.6949232817,0.6601709723,0.9412329793,3.924953938,-0.3922711909,0.002114557195,-0.862936914,-1.773227572,-0.5978290439,-1.328689933,-0.1737323403,0.03322093189,-0.06721270084
0.3672030866,0.9446296692,0.2800242901,-1.219402552,1.487408996,-0.6502436399,0.6514493823,0.1138228104,0.6730774045,0.6321754456,0.8885443211,3.736099005,-0.372721374,0.002004769165,-0.9324133992,-1.803818583,-0.6087352633,-1.155922771,-0.1750483364,0.01582736522,-0.0636330992
0.36898157,0.9551464915,0.2899020314,-1.20551908,1.545785546,-0.656067431,0.6514807343,0.1172148362,0.6519080997,0.6052968502,0.8387172222,3.556357622,-0.3541852236,0.001894406509,-0.9950612783,-1.83074975,-0.6175045371,-0.9987600446,-0.17582874,0.001369696576,-0.06014073268
0.3708130419,0.9653325677,0.2993597984,-1.192414165,1.601353645,-0.661601603,0.6515103579,0.1201739311,0.6313688755,0.5794948936,0.791634202,3.385238647,-0.3366011083,0.001793437521,-1.051355839,-1.85403347,-0.6241198778,-0.8560737967,-0.1759381592,-0.0105210552,-0.0567400381
0.372690767,0.9751977324,0.3084143996,-1.180044889,1.654247999,-0.6668609977,0.651538372,0.1227210164,0.6114184856,0.5547289848,0.747173667,3.222374916,-0.3199262619,0.001692480757,-1.101814032,-1.873812675,-0.6286488771,-0.7266920209,-0.1754573882,-0.02015064657,-0.05345939845
0.3746082783,0.9847511649,0.3170820475,-1.168370247,1.704597592,-0.6718598604,0.6515648365,0.1248744354,0.5920200348,0.5309596658,0.7052072287,3.067367315,-0.3041100204,0.001596041257,-1.146759033,-1.890079737,-0.6311440468,-0.6095172167,-0.1744351685,-0.02781810239,-0.05031798035
0.3765594363,0.9940015078,0.3253782988,-1.157351375,1.75252521,-0.6766116023,0.6515897512,0.1266515702,0.5731419921,0.5081492662,0.6656053662,2.919821978,-0.2891091406,0.001501539955,-1.186639547,-1.903058171,-0.6317521334,-0.5034043193,-0.1729486287,-0.03378559649,-0.04732790217
0.3785383701,1.002956867,0.3333181441,-1.146951318,1.79814744,-0.6811289191,0.6516132355,0.1280694753,0.5547567606,0.4862599075,0.6282396913,2.779337406,-0.2748740017,0.00141670485,-1.221732855,-1.912662625,-0.6305363178,-0.4074797332,-0.1709217429,-0.03831438348,-0.04447574914
0.3805394471,1.011624932,0.3409159482,-1.137135029,1.84157455,-0.685423851,0.6516353488,0.129144758,0.5368413329,0.465254277,0.5929872394,2.645622253,-0.2613685131,0.001332514454,-1.252356172,-1.919075489,-0.6276066899,-0.3206767142,-0.1684466004,-0.04160681367,-0.04176735878
0.3825573325,1.020013094,0.3481855392,-1.127869606,1.882912397,-0.6895077229,0.6516561508,0.1298935413,0.5193773508,0.4450984001,0.5597317219,2.518369675,-0.2485554367,0.001251372625,-1.278791547,-1.92241621,-0.6231794953,-0.2422510684,-0.165681988,-0.04384368286,-0.03922404721
0.3845869303,1.028128386,0.3551402092,-1.119123816,1.922261953,-0.6933913827,0.6516757011,0.1303326786,0.5023478866,0.425758332,0.5283547044,2.397204638,-0.2363875955,0.001176479389,-1.300998569,-1.922443509,-0.6172108054,-0.1715222746,-0.1625456661,-0.04520901665,-0.03681958839
0.3866233826,1.035977602,0.3617926836,-1.110868216,1.959718227,-0.6970849633,0.6516940594,0.1304786801,0.4857415259,0.4072056711,0.4987495542,2.281860352,-0.2248400599,0.001108398661,-1.319786906,-1.919852734,-0.610046804,-0.1074936166,-0.1591200382,-0.04584107548,-0.03455486894
0.3886620998,1.0435673,0.3681552708,-1.103075266,1.995372295,-0.7005980611,0.6517114043,0.1303474009,0.4695470631,0.3894088566,0.470816493,2.172072887,-0.2138741165,0.001040484989,-1.335160375,-1.914651871,-0.6017870903,-0.04966327175,-0.1554870158,-0.04587285593,-0.03243056685
0.3906987906,1.050903916,0.3742397726,-1.095718741,2.029310942,-0.7039398551,0.6517276764,0.1299556047,0.4537548125,0.372338593,0.444458127,2.06755662,-0.2034601569,0.0009776649531,-1.347277164,-1.906875849,-0.5925222039,0.00251791859,-0.1516480148,-0.04541289434,-0.03043528274
0.392729342,1.057993889,0.3800575733,-1.088774085,2.061616421,-0.7071189284,0.6517429352,0.1293199211,0.4383572936,0.3559671938,0.4195844531,1.968069792,-0.1935699284,0.0009178848704,-1.356412768,-1.896744728,-0.5823916793,0.04961759225,-0.1476509571,-0.04455336556,-0.02856354788
0.3947499692,1.064843178,0.3856195509,-1.082218051,2.092367411,-0.7101434469,0.6517572999,0.1284562796,0.4233481884,0.3402692676,0.3961114287,1.873375773,-0.1841763705,0.0008611295489,-1.3626616,-1.884291053,-0.5715421438,0.09198264778,-0.1435741633,-0.04337421805,-0.0268175602
0.3967570961,1.071457982,0.3909362555,-1.076028824,2.121639013,-0.7130212188,0.6517707705,0.1273812056,0.4087213576,0.3252197504,0.3739564717,1.783215404,-0.1752494574,0.0008090792689,-1.366238117,-1.869658709,-0.5600660443,0.1300802082,-0.1393842101,-0.04195230454,-0.02517857589
0.3987474144,1.077844262,0.3960178196,-1.070185781,2.149501801,-0.7157595158,0.6517834067,0.1261109859,0.3944720328,0.3107934296,0.353045851,1.697392106,-0.1667670608,0.0007599689416,-1.367305756,-1.853060007,-0.5480762124,0.1642917395,-0.1351556927,-0.04034018889,-0.02364806458
0.4007178843,1.084007859,0.4008739591,-1.06466949,2.176023483,-0.718365252,0.6517952681,0.1246613041,0.380595386,0.2969676852,0.3333086669,1.615684152,-0.1587048471,0.0007149468875,-1.366108656,-1.834686041,-0.5356788039,0.1949861348,-0.1308833063,-0.03859121352,-0.02221403643
0.4026657045,1.089954615,0.4055140913,-1.059461594,2.201268435,-0.7208450437,0.6518064141,0.123047255,0.367086798,0.2837199271,0.3146797121,1.537904978,-0.1510415673,0.0006725022104,-1.362700462,-1.814538956,-0.5229474306,0.2223814428,-0.1265682578,-0.03675252199,-0.02086728252
0.4045883119,1.09569037,0.4099472165,-1.054544687,2.225298166,-0.7232050896,0.6518169045,0.121284239,0.353941977,0.2710265219,0.2970974445,1.463892937,-0.1437589675,0.0006300028181,-1.357290983,-1.79286468,-0.5099964142,0.2468034774,-0.1223309562,-0.03484437615,-0.01961793005
0.406483382,1.101220727,0.4141820073,-1.049902558,2.248171568,-0.7254513502,0.6518267393,0.1193858832,0.3411562145,0.2588699162,0.2805014849,1.393417001,-0.1368325353,0.0005935411318,-1.349982619,-1.769744515,-0.4968818724,0.2684515417,-0.1181054413,-0.03291217983,-0.01844775677
0.4083487988,1.10655129,0.4182268381,-1.04551971,2.269943714,-0.7275893688,0.6518360376,0.1173664331,0.3287246823,0.247228384,0.2648368478,1.326321125,-0.1302464902,0.0005582701997,-1.34087801,-1.745255589,-0.4836528897,0.287546128,-0.113877736,-0.03097983077,-0.01734481938
0.4101826549,1.11168766,0.4220897853,-1.041381598,2.290667534,-0.7296244502,0.6518447399,0.1152400002,0.3166428506,0.2360792309,0.2500530183,1.262479544,-0.1239858493,0.0005234748824,-1.330134511,-1.719574094,-0.470385313,0.3043044508,-0.1097707748,-0.02905173786,-0.01632349938
0.4119832814,1.116635203,0.425778538,-1.037474513,2.31039381,-0.7315617204,0.6518529058,0.1130183116,0.304905802,0.225407809,0.2360991538,1.201686621,-0.1180291995,0.0004929504939,-1.317994833,-1.69291389,-0.4571554661,0.3189730048,-0.1057053804,-0.02715745568,-0.01536281034
0.4137491882,1.121399403,0.4293005466,-1.033785462,2.329170227,-0.7334059477,0.6518605947,0.1107136682,0.2935082018,0.2151932865,0.2229307145,1.143819213,-0.112362653,0.0004641433479,-1.304439068,-1.665207505,-0.4439757168,0.3316116035,-0.1017085612,-0.02531037666,-0.01446237881
0.4154790938,1.125985503,0.4326629341,-1.030302167,2.347042322,-0.7351616025,0.6518678665,0.1083375067,0.2824449539,0.2054178268,0.2105039209,1.088743329,-0.1069735214,0.0004358058795,-1.289611936,-1.636640191,-0.4309054017,0.342418313,-0.09782471508,-0.02351291291,-0.01362317521
0.4171718657,1.13039875,0.4358725846,-1.027013063,2.364053965,-0.7368330359,0.6518746614,0.1059003919,0.271710515,0.1960654259,0.1987769753,1.036304235,-0.1018454283,0.0004111719318,-1.273446202,-1.607114911,-0.4179120362,0.3514513373,-0.09398763627,-0.0217810683,-0.01283074822
0.4188265502,1.13464427,0.4389361143,-1.023907185,2.380246162,-0.7384243608,0.6518810987,0.1034133881,0.261300087,0.1871175766,0.1877122521,0.9864078164,-0.09696760029,0.0003858279088,-1.256569624,-1.577302098,-0.4051705897,0.3591017127,-0.09029938281,-0.02010873705,-0.01209474262
0.4204423726,1.138727069,0.4418598413,-1.020974159,2.395658731,-0.7399394512,0.6518871188,0.1008843705,0.251206547,0.1785603613,0.1772726178,0.9388971925,-0.09232401103,0.0003635867324,-1.238741398,-1.546902895,-0.3926264048,0.3652993441,-0.08670124412,-0.01851165295,-0.01140318066
0.422018677,1.142652154,0.4446498454,-1.018204331,2.410329103,-0.7413820028,0.6518927813,0.09832250327,0.2414238602,0.1703769118,0.167423591,0.893666327,-0.0879047513,0.0003428812197,-1.219993591,-1.515971899,-0.3802713752,0.3701508045,-0.08318353444,-0.01699081063,-0.01075071562
0.4235549569,1.146424413,0.4473119974,-1.015588284,2.424292564,-0.7427555323,0.6518981457,0.0957365334,0.2319461703,0.1625508219,0.1581332535,0.85062325,-0.08370029181,0.0003226782719,-1.20049274,-1.484636903,-0.3681440949,0.3737839162,-0.07978595048,-0.01554161124,-0.01014069282
0.4250508547,1.150048614,0.4498518407,-1.013117433,2.437583447,-0.7440633774,0.6519032121,0.09313363582,0.2227674127,0.1550692022,0.149370417,0.809651494,-0.07969816774,0.0003039686126,-1.180363774,-1.453069687,-0.3562702239,0.3763290048,-0.07649821788,-0.01416799519,-0.00956820976
0.4265060723,1.153529406,0.4522747993,-1.010783553,2.450234175,-0.7453086376,0.6519079804,0.09052077681,0.2138809711,0.1479178667,0.1411060393,0.7706502676,-0.07588870078,0.0002866839059,-1.159378648,-1.420996904,-0.3446095288,0.377692461,-0.07332048565,-0.01287302747,-0.009032036178
0.4279204607,1.156871319,0.4545860291,-1.008578777,2.462275505,-0.7464944124,0.6519124508,0.08790539205,0.205281049,0.1410831511,0.1333112121,0.733520329,-0.07226199657,0.0002707247913,-1.138144732,-1.389035821,-0.3332611024,0.3782604933,-0.0702380538,-0.01165096555,-0.008524999954
0.4292939901,1.160078883,0.4567904472,-1.006495833,2.473736763,-0.7476235032,0.6519166827,0.08529286832,0.1969604492,0.1345507205,0.125961408,0.6981847882,-0.06880952418,0.0002552065707,-1.116220117,-1.356695771,-0.322134763,0.3778279424,-0.0672680214,-0.01050455682,-0.008050200529
0.4306266904,1.16315639,0.4588927925,-1.004527688,2.484645844,-0.7486986518,0.6519206762,0.08268923312,0.188913703,0.1283093542,0.1190313399,0.6645499468,-0.06552381814,0.000240527108,-1.094110489,-1.324525595,-0.3113257885,0.3767007887,-0.06440971047,-0.009425775148,-0.007603711914
0.4319187105,1.166108131,0.4608976245,-1.002667785,2.495029449,-0.7497224808,0.6519244313,0.08009897172,0.1811335385,0.122346431,0.112497896,0.632532239,-0.06239451468,0.0002271309349,-1.071730614,-1.292442441,-0.300816685,0.3748593628,-0.06166984141,-0.008417450823,-0.007185906172
0.433170259,1.168938398,0.4628092945,-1.000910044,2.504912853,-0.7506973743,0.6519280076,0.07752659172,0.1736129075,0.1166501567,0.1063383296,0.6020442843,-0.05941414461,0.000215077016,-1.04877305,-1.26005888,-0.2905027568,0.3721995056,-0.05899095908,-0.007481561974,-0.006786881946
0.4343816042,1.171651125,0.4646319449,-0.9992485046,2.514319897,-0.7516257167,0.6519313455,0.07497753203,0.1663469225,0.1112082154,0.1005326882,0.5730403066,-0.05657821521,0.0002026971488,-1.025641561,-1.227830887,-0.2804820538,0.3689455092,-0.05644102767,-0.006606433075,-0.006415523589
0.4355531335,1.174250245,0.4663695693,-0.9976776838,2.523273706,-0.7525097728,0.6519345045,0.07245513797,0.1593288928,0.1060114428,0.09506038576,0.5454279184,-0.05387728661,0.0001917015034,-1.002823949,-1.196277618,-0.270838201,0.3653750122,-0.05400543287,-0.005789443851,-0.006066842936
0.4366852343,1.176739812,0.4680260122,-0.9961923361,2.531795979,-0.7533516288,0.6519374847,0.06996145844,0.152550444,0.1010486558,0.08990311623,0.519133687,-0.05130425468,0.000181860989,-0.9791514277,-1.164106965,-0.2613304555,0.3608978987,-0.05162984505,-0.005045109428,-0.00573487021
0.4377783835,1.179123402,0.4696049094,-0.9947875738,2.539907455,-0.7541532516,0.6519403458,0.06750246137,0.1460077167,0.09630811214,0.08504182845,0.4941145182,-0.04885590822,0.0001719520224,-0.9559625983,-1.132725716,-0.2521849275,0.35626477,-0.04936388135,-0.004346282221,-0.005422781687
0.4388331175,1.181404829,0.4711097181,-0.9934588075,2.547627926,-0.7549166083,0.651943028,0.06507873535,0.139692992,0.09178155661,0.08046137542,0.4703018367,-0.04652377963,0.0001622350392,-0.9327380657,-1.101593971,-0.2433026284,0.351218164,-0.04719064012,-0.003701172769,-0.005128646269
0.4398499727,1.183587551,0.4725438058,-0.9922016263,2.554976463,-0.7556435466,0.651945591,0.06269274652,0.1336001754,0.08746005595,0.07614596933,0.4476358593,-0.04430253804,0.0001535183401,-0.9095240831,-1.070751905,-0.2346834689,0.3458014429,-0.04510584101,-0.003107451834,-0.004851362202
0.4408295453,1.185675025,0.4739103615,-0.991011858,2.561970711,-0.7563357949,0.6519479752,0.06034674495,0.1277231723,0.08333461732,0.07208064198,0.4260613918,-0.04218710214,0.0001453201257,-0.8865766525,-1.040494204,-0.226404354,0.3400964439,-0.04311433062,-0.002569139004,-0.004590257071
0.4417724609,1.187670708,0.4752124548,-0.9898855686,2.568627834,-0.7569949627,0.6519502401,0.05804263055,0.122053735,0.07939318568,0.06824869663,0.4055252373,-0.04017275572,0.000137373223,-0.8634947538,-1.01031971,-0.2182929516,0.3340598941,-0.04119705036,-0.002069105394,-0.0043432354
0.4426793754,1.189577818,0.4764529765,-0.9888191819,2.574964285,-0.7576226592,0.6519523859,0.05578212067,0.1165882275,0.07563117146,0.06463929266,0.3859784305,-0.03825432435,0.0001300353761,-0.8405268192,-0.9805186391,-0.2104296386,0.3277656436,-0.03935996443,-0.001612121821,-0.004110124428
0.4435509741,1.191399455,0.477634728,-0.9878091812,2.580995083,-0.7582203746,0.6519544125,0.05356671661,0.1113208085,0.07204062492,0.06123971194,0.3673733175,-0.03642712906,0.0001231510541,-0.8177028894,-0.9511119127,-0.2028085887,0.3212471902,-0.0376002565,-0.001195712597,-0.003890053835
0.4443879426,1.193138838,0.4787603617,-0.9868522882,2.586735249,-0.7587895393,0.6519563198,0.05139768496,0.1062457711,0.06861398369,0.05803798884,0.3496644795,-0.0346868746,0.0001166897055,-0.7950505018,-0.9221211672,-0.1954236031,0.3145341575,-0.03591496497,-0.0008173567476,-0.003682231298
0.4451910257,1.194798946,0.4798324406,-0.9859454632,2.592198849,-0.7593315244,0.6519581676,0.04927607626,0.1013574824,0.06534403563,0.05502273515,0.3328087926,-0.03302933276,0.0001106163982,-0.7697537541,-0.890627861,-0.1876120716,0.3064543903,-0.0342483893,-0.0004763329343,-0.00348659209
0.4459609687,1.196382642,0.4808534384,-0.9850857258,2.597398996,-0.7598475814,0.6519598961,0.0472099483,0.09666422755,0.06223601475,0.05218636245,0.3167692423,-0.03144907951,0.0001051899453,-0.7472813725,-0.8623099327,-0.1806896925,0.2992855608,-0.0327154547,-0.0001759469742,-0.003303304547
0.4466986358,1.197893023,0.4818258882,-0.9842703342,2.602348566,-0.7603389621,0.651961565,0.04519437999,0.0921466276,0.05926840752,0.04951365292,0.3014956415,-0.02994427085,0.0001003037614,-0.7253318429,-0.8347316384,-0.174018845,0.2921540141,-0.03123847768,9.751370089e-05,-0.003127814503
0.4474048018,1.199332833,0.4827519655,-0.983496666,2.607059479,-0.7608068585,0.6519631147,0.04322886094,0.08779876679,0.0564349182,0.04699622095,0.2869605124,-0.02851127833,9.509955271e-05,-0.7036446929,-0.8076284528,-0.1675524265,0.2849338651,-0.02982679568,0.0003428747295,-0.002962160856
0.4480802417,1.200704694,0.4836337566,-0.9827623367,2.611543179,-0.7612523437,0.6519646049,0.04131351039,0.08361560851,0.05373042822,0.04462500662,0.2731262147,-0.02714648098,9.034606046e-05,-0.6823088527,-0.7810977101,-0.1613141596,0.2776672244,-0.02847846225,0.0005600303411,-0.002805953147
0.44872576,1.202011228,0.4844732881,-0.9820650816,2.615810871,-0.7616764903,0.6519660354,0.0394484587,0.07959152013,0.05114843696,0.04239096493,0.2599588931,-0.02584669553,8.501512639e-05,-0.6611968279,-0.7549800277,-0.1552467197,0.2703350782,-0.02718672156,0.0007540467777,-0.002657856327
0.4493421316,1.203254819,0.4852724969,-0.9814026952,2.619872808,-0.7620803714,0.6519673467,0.03763370961,0.07572229952,0.04868497327,0.0402866751,0.2474256605,-0.02460879833,8.078568499e-05,-0.64039433,-0.7293692231,-0.1493727714,0.2629748881,-0.02595097944,0.0009249988943,-0.002518007299
0.4499301612,1.204437971,0.4860332012,-0.9807732105,2.623738766,-0.7624648809,0.6519685984,0.03586924076,0.0720031485,0.04633485898,0.03830456734,0.2354962826,-0.02342973091,7.680331328e-05,-0.6199141145,-0.7042725086,-0.1436875165,0.2556036711,-0.0247691758,0.001074430649,-0.002385758795
0.4504906237,1.205563068,0.486757189,-0.9801747203,2.62741828,-0.7628309727,0.6519697905,0.03415493295,0.06842938066,0.04409312829,0.03643749282,0.224141717,-0.02230670676,7.30495085e-05,-0.5997684598,-0.6796967983,-0.138186574,0.2482368946,-0.02363922819,0.001203824533,-0.002260697307
0.4510242939,1.206632257,0.4874461293,-0.9796053767,2.63092041,-0.7631795406,0.6519709229,0.032490585,0.06499639153,0.04195495695,0.03467867523,0.2133342773,-0.0212370716,6.950203533e-05,-0.5783139467,-0.654007256,-0.1325414181,0.2401165515,-0.02253820933,0.001301325625,-0.002143665915
0.4515319467,1.2076478,0.4881016612,-0.9790635109,2.63425374,-0.7635113597,0.6519719958,0.03088084795,0.06170586869,0.03991896659,0.03302016854,0.2030471265,-0.02021816559,6.728124572e-05,-0.559217155,-0.630877614,-0.1274475604,0.232994169,-0.02150903642,0.001400812645,-0.002031686949
0.4520144463,1.208611965,0.488725394,-0.9785475731,2.637426376,-0.7638272643,0.6519730687,0.02931927331,0.05854603276,0.03797741979,0.03145836666,0.1932559609,-0.01924710348,6.410961214e-05,-0.5401440263,-0.6079093218,-0.1224778369,0.2257299274,-0.02052357607,0.001478092629,-0.001925962977
0.4524725676,1.209526777,0.4893187881,-0.9780560136,2.640445948,-0.7641280293,0.651974082,0.02780670486,0.05551365018,0.03612563759,0.02998664603,0.1839362532,-0.01832249388,6.115852739e-05,-0.5214380622,-0.5854635835,-0.1176731139,0.2185161263,-0.0195803456,0.001540585305,-0.001825772342
0.4529070556,1.210394144,0.489883244,-0.9775874615,2.643319845,-0.7644143105,0.6519750357,0.02634266764,0.05260454491,0.03435941413,0.02859952673,0.1750665009,-0.01744204573,5.814969336e-05,-0.5031019449,-0.5635443926,-0.1130242348,0.2113682032,-0.01867954247,0.001590327825,-0.001731044846
0.4533186555,1.211216092,0.4904201031,-0.9771406054,2.646055222,-0.7646868229,0.6519759297,0.02492653951,0.04981471971,0.03267518431,0.02729195543,0.1666242033,-0.01660347171,5.548173067e-05,-0.4851459861,-0.5421588421,-0.1085294262,0.2042977214,-0.01781873778,0.001628082944,-0.001641476993
0.453708142,1.21199441,0.4909306467,-0.9767141938,2.648658752,-0.7649462819,0.6519768238,0.02355769649,0.04714021832,0.03106928803,0.02605916187,0.1585887522,-0.01580475271,5.298019823e-05,-0.4675745964,-0.5213057399,-0.1041840464,0.1973133981,-0.016996108,0.00165485451,-0.001556735137
0.4540762305,1.212731004,0.4914160967,-0.9763070345,2.651136637,-0.765193224,0.6519776583,0.02223546058,0.04457719624,0.02953824215,0.02489664964,0.1509405673,-0.0150440149,5.061150296e-05,-0.4503909051,-0.5009839535,-0.09998431802,0.1904229969,-0.01621008292,0.001671556733,-0.0014765542
0.454423666,1.213427544,0.4918776453,-0.975917995,2.653495073,-0.7654283047,0.6519784331,0.02095912583,0.04212188721,0.02807865851,0.02380017564,0.1436610073,-0.01431949064,4.837155575e-05,-0.4335974753,-0.4811906219,-0.09592560679,0.1836337894,-0.01545903925,0.001679247711,-0.001400686335
0.4547511637,1.214085698,0.4923163652,-0.9755461216,2.655739784,-0.7656520605,0.651979208,0.01972793788,0.03977063298,0.02668733709,0.02276574261,0.1367323101,-0.01362941414,4.624770372e-05,-0.417196095,-0.461923182,-0.09200394154,0.176951915,-0.0147414431,0.001678661327,-0.001328892889
0.4550594091,1.214707136,0.4927333593,-0.9751904011,2.657876253,-0.7658650279,0.6519799232,0.01854110882,0.03751986846,0.02536119521,0.02178956755,0.1301375777,-0.01297218539,4.424397412e-05,-0.4011875391,-0.4431779385,-0.08821573108,0.1703833789,-0.01405591238,0.001670654281,-0.001260960591
0.4553491175,1.215293407,0.4931296408,-0.9748499393,2.659909725,-0.7660677433,0.6519806385,0.01739783771,0.03536611423,0.02409725823,0.02086810209,0.1238607392,-0.01234624442,4.234353764e-05,-0.3855722547,-0.4249508679,-0.08455675095,0.1639332622,-0.01340101473,0.00165597396,-0.001196677913
0.4556209445,1.215846062,0.4935061634,-0.9745239019,2.661844969,-0.7662606239,0.6519812942,0.01629728451,0.03330599517,0.02289269865,0.01999799535,0.1178864688,-0.01175011881,4.054870806e-05,-0.3703499436,-0.4072370529,-0.08102343231,0.1576058418,-0.01277542301,0.001635323744,-0.001135847648
0.4558755755,1.21636641,0.4938638508,-0.9742114544,2.663686991,-0.7664442062,0.6519819498,0.01523858961,0.03133621439,0.02174480259,0.01917608641,0.1122001857,-0.01118238457,3.885550541e-05,-0.3541426063,-0.388705194,-0.07736968994,0.1507455707,-0.01216364559,0.001593462657,-0.001079483656
0.4561136663,1.216856003,0.4942036271,-0.9739118218,2.665440083,-0.7666189075,0.6519825459,0.0142254103,0.02945802175,0.02065175958,0.01839722879,0.1067882627,-0.01064210571,3.770555122e-05,-0.339731276,-0.3720301092,-0.07408249378,0.1446868926,-0.01159338187,0.001563120983,-0.001025132369
0.456335932,1.21731627,0.4945262969,-0.9736243486,2.667108536,-0.7667852044,0.6519831419,0.01325222477,0.02766373008,0.01961024106,0.01766076498,0.1016372442,-0.01012734044,3.61856728e-05,-0.3256990016,-0.3558397889,-0.07090698928,0.1387587488,-0.01104848273,0.001528625959,-0.0009735733038
0.4565429986,1.217748523,0.4948326945,-0.9733483791,2.668696642,-0.7669434547,0.6519836783,0.01231813151,0.02595040947,0.01861802861,0.01696416736,0.09673442692,-0.009637074545,3.476356142e-05,-0.3120523393,-0.3401394784,-0.06784278154,0.1329660565,-0.01052794326,0.001490475493,-0.0009247699636
0.456735462,1.218153954,0.495123595,-0.9730833173,2.670208216,-0.7670940161,0.6519842148,0.01142221782,0.02431511693,0.01767284423,0.01630496792,0.09206793457,-0.009170194156,3.339710383e-05,-0.2987889051,-0.3249221742,-0.06488634646,0.1273110211,-0.01003073342,0.001449252828,-0.0008785699029
0.4569139481,1.218533874,0.4953997433,-0.972828567,2.671646833,-0.7672373056,0.6519847512,0.01056355052,0.02275500447,0.01677254774,0.01568084769,0.08762639016,-0.008725584485,3.21056541e-05,-0.2859050333,-0.3101807535,-0.06203461066,0.1217953339,-0.009555842727,0.001405384275,-0.0008348432602
0.4570789933,1.218889475,0.4956618249,-0.9725835323,2.673016071,-0.7673736215,0.6519852281,0.009741198272,0.02126730233,0.01591507532,0.01508963481,0.08339896798,-0.008302215487,3.086708966e-05,-0.2733973265,-0.2959080935,-0.05928442627,0.1164200082,-0.009102269076,0.001359303482,-0.0007934448076
0.4572311938,1.21922183,0.4959104955,-0.9723477364,2.674319267,-0.7675033212,0.6519857049,0.008954220451,0.01984931715,0.01509846188,0.01452927943,0.07937537134,-0.007899066433,2.96957387e-05,-0.2612616122,-0.2820964158,-0.05663285032,0.1111859083,-0.008669119328,0.001311371103,-0.0007542637759
0.4573711157,1.219532013,0.4961464107,-0.9721207023,2.675559521,-0.7676267624,0.6519861817,0.008201678284,0.01849843934,0.01432083175,0.01399786212,0.07554576546,-0.007515196688,2.85810911e-05,-0.2494935691,-0.2687380016,-0.05407670885,0.1060938016,-0.008255458437,0.001261993195,-0.0007171732141
0.4574992657,1.219821095,0.4963701665,-0.9719020128,2.676739931,-0.7677441835,0.651986599,0.007482627407,0.01721213758,0.01358040422,0.0134935854,0.07190079242,-0.007149686571,2.752085493e-05,-0.2380886674,-0.2558248639,-0.05161328241,0.1011437476,-0.007860412821,0.001211459981,-0.0006820571143
0.4576161802,1.220090032,0.4965823591,-0.9716911912,2.677863359,-0.7678558826,0.6519870162,0.006796127185,0.01598795503,0.0128754722,0.01301476173,0.06843157113,-0.006801675539,2.651309842e-05,-0.227041766,-0.2433490008,-0.04923992604,0.09633558989,-0.007483190857,0.001160074607,-0.0006488111685
0.4577223659,1.220339894,0.4967835248,-0.9714878201,2.678932667,-0.7679621577,0.6519874334,0.006141246762,0.01482350286,0.01220439002,0.0125598032,0.06512963027,-0.006470328197,2.555535684e-05,-0.2163477689,-0.2313018143,-0.04695370421,0.09166900814,-0.00712299766,0.001108107157,-0.0006173355505
0.4578183293,1.220571518,0.4969742298,-0.9712916017,2.679950237,-0.7680632472,0.6519878507,0.005517051555,0.01371647138,0.01156560984,0.01212722622,0.06198689714,-0.00615486782,2.464804129e-05,-0.2060014755,-0.2196749449,-0.04475205764,0.08714343607,-0.006779071409,0.001055833884,-0.00058753544
0.4579045475,1.220785856,0.4971549511,-0.9711021185,2.680918694,-0.7681593895,0.6519882083,0.004922614433,0.01266461983,0.01095764898,0.01171564031,0.05899570137,-0.005854526069,2.377673809e-05,-0.1959970146,-0.2084598988,-0.04263255373,0.08275800198,-0.006450714078,0.001003444544,-0.0005593139795
0.4579814672,1.220983744,0.4973261654,-0.9709190726,2.68184042,-0.7682508826,0.6519885659,0.004357022233,0.01166577451,0.01037907787,0.0113237435,0.05614873394,-0.005568599328,2.294985825e-05,-0.1863288432,-0.1976480782,-0.04059255496,0.07851166278,-0.006137202494,0.0009511598619,-0.0005325861275
0.4580495358,1.221166015,0.4974883497,-0.970742166,2.6827178,-0.7683379054,0.6519889235,0.003819362959,0.01071782969,0.009828547016,0.01095031574,0.05343905091,-0.005296406336,2.216202665e-05,-0.1769908369,-0.1872305721,-0.03862983361,0.07440327108,-0.005837921984,0.0008991805953,-0.0005072704516
0.4581092,1.221333504,0.497641921,-0.9705710411,2.683552742,-0.7684206367,0.6519892812,0.003308742773,0.009818746708,0.009304749779,0.01059422269,0.05086003616,-0.005037290975,2.141420009e-05,-0.1679770648,-0.1771988422,-0.03674186766,0.07043120265,-0.005552230868,0.0008476589574,-0.0004832936102
0.458160907,1.221486926,0.4977872968,-0.970405519,2.684347391,-0.7684993148,0.6519896388,0.002824271098,0.0089665493,0.00880645588,0.01025439147,0.04840538278,-0.004790626932,2.070180926e-05,-0.1592812985,-0.1675438732,-0.03492638469,0.06659407914,-0.00527951913,0.0007967408164,-0.000460578216
0.4582050443,1.221626997,0.4979248941,-0.9702453017,2.685103655,-0.7685741782,0.6519899368,0.002365070861,0.008159328252,0.008332488127,0.009929833002,0.0460691005,-0.004555842374,2.002173642e-05,-0.15089719,-0.1582569778,-0.03318121657,0.06288993359,-0.005019233562,0.0007465711096,-0.0004390592803
0.4582419991,1.221754432,0.4980551004,-0.9700901508,2.685823441,-0.7686453462,0.6519902349,0.00193027861,0.007395230234,0.007881717756,0.009619609453,0.04384548217,-0.00433235988,1.936771878e-05,-0.1428183764,-0.1493293345,-0.03150416538,0.05931698531,-0.004770814441,0.0006972557749,-0.0004186654987
